<application>
  <component name="ProjectJdkTable">
    <jdk version="2">
      <name value="11" />
      <type value="JavaSDK" />
      <version value="java version &quot;11.0.4&quot;" />
      <homePath value="$APPLICATION_HOME_DIR$/jbr" />
      <roots>
        <annotationsPath>
          <root type="composite">
            <root url="jar://$APPLICATION_HOME_DIR$/plugins/java/lib/jdkAnnotations.jar!/" type="simple" />
          </root>
        </annotationsPath>
        <classPath>
          <root type="composite">
            <root url="jrt://D:/develop/ideaIU-2019.2.4/jbr!/java.base" type="simple" />
            <root url="jrt://D:/develop/ideaIU-2019.2.4/jbr!/java.compiler" type="simple" />
            <root url="jrt://D:/develop/ideaIU-2019.2.4/jbr!/java.datatransfer" type="simple" />
            <root url="jrt://D:/develop/ideaIU-2019.2.4/jbr!/java.desktop" type="simple" />
            <root url="jrt://D:/develop/ideaIU-2019.2.4/jbr!/java.instrument" type="simple" />
            <root url="jrt://D:/develop/ideaIU-2019.2.4/jbr!/java.logging" type="simple" />
            <root url="jrt://D:/develop/ideaIU-2019.2.4/jbr!/java.management" type="simple" />
            <root url="jrt://D:/develop/ideaIU-2019.2.4/jbr!/java.management.rmi" type="simple" />
            <root url="jrt://D:/develop/ideaIU-2019.2.4/jbr!/java.naming" type="simple" />
            <root url="jrt://D:/develop/ideaIU-2019.2.4/jbr!/java.net.http" type="simple" />
            <root url="jrt://D:/develop/ideaIU-2019.2.4/jbr!/java.prefs" type="simple" />
            <root url="jrt://D:/develop/ideaIU-2019.2.4/jbr!/java.rmi" type="simple" />
            <root url="jrt://D:/develop/ideaIU-2019.2.4/jbr!/java.scripting" type="simple" />
            <root url="jrt://D:/develop/ideaIU-2019.2.4/jbr!/java.se" type="simple" />
            <root url="jrt://D:/develop/ideaIU-2019.2.4/jbr!/java.security.jgss" type="simple" />
            <root url="jrt://D:/develop/ideaIU-2019.2.4/jbr!/java.security.sasl" type="simple" />
            <root url="jrt://D:/develop/ideaIU-2019.2.4/jbr!/java.smartcardio" type="simple" />
            <root url="jrt://D:/develop/ideaIU-2019.2.4/jbr!/java.sql" type="simple" />
            <root url="jrt://D:/develop/ideaIU-2019.2.4/jbr!/java.sql.rowset" type="simple" />
            <root url="jrt://D:/develop/ideaIU-2019.2.4/jbr!/java.transaction.xa" type="simple" />
            <root url="jrt://D:/develop/ideaIU-2019.2.4/jbr!/java.xml" type="simple" />
            <root url="jrt://D:/develop/ideaIU-2019.2.4/jbr!/java.xml.crypto" type="simple" />
            <root url="jrt://D:/develop/ideaIU-2019.2.4/jbr!/javafx.base" type="simple" />
            <root url="jrt://D:/develop/ideaIU-2019.2.4/jbr!/javafx.controls" type="simple" />
            <root url="jrt://D:/develop/ideaIU-2019.2.4/jbr!/javafx.fxml" type="simple" />
            <root url="jrt://D:/develop/ideaIU-2019.2.4/jbr!/javafx.graphics" type="simple" />
            <root url="jrt://D:/develop/ideaIU-2019.2.4/jbr!/javafx.media" type="simple" />
            <root url="jrt://D:/develop/ideaIU-2019.2.4/jbr!/javafx.swing" type="simple" />
            <root url="jrt://D:/develop/ideaIU-2019.2.4/jbr!/javafx.web" type="simple" />
            <root url="jrt://D:/develop/ideaIU-2019.2.4/jbr!/jdk.accessibility" type="simple" />
            <root url="jrt://D:/develop/ideaIU-2019.2.4/jbr!/jdk.aot" type="simple" />
            <root url="jrt://D:/develop/ideaIU-2019.2.4/jbr!/jdk.attach" type="simple" />
            <root url="jrt://D:/develop/ideaIU-2019.2.4/jbr!/jdk.charsets" type="simple" />
            <root url="jrt://D:/develop/ideaIU-2019.2.4/jbr!/jdk.compiler" type="simple" />
            <root url="jrt://D:/develop/ideaIU-2019.2.4/jbr!/jdk.crypto.cryptoki" type="simple" />
            <root url="jrt://D:/develop/ideaIU-2019.2.4/jbr!/jdk.crypto.ec" type="simple" />
            <root url="jrt://D:/develop/ideaIU-2019.2.4/jbr!/jdk.dynalink" type="simple" />
            <root url="jrt://D:/develop/ideaIU-2019.2.4/jbr!/jdk.httpserver" type="simple" />
            <root url="jrt://D:/develop/ideaIU-2019.2.4/jbr!/jdk.internal.ed" type="simple" />
            <root url="jrt://D:/develop/ideaIU-2019.2.4/jbr!/jdk.internal.jvmstat" type="simple" />
            <root url="jrt://D:/develop/ideaIU-2019.2.4/jbr!/jdk.internal.le" type="simple" />
            <root url="jrt://D:/develop/ideaIU-2019.2.4/jbr!/jdk.internal.vm.ci" type="simple" />
            <root url="jrt://D:/develop/ideaIU-2019.2.4/jbr!/jdk.internal.vm.compiler" type="simple" />
            <root url="jrt://D:/develop/ideaIU-2019.2.4/jbr!/jdk.internal.vm.compiler.management" type="simple" />
            <root url="jrt://D:/develop/ideaIU-2019.2.4/jbr!/jdk.jdi" type="simple" />
            <root url="jrt://D:/develop/ideaIU-2019.2.4/jbr!/jdk.jdwp.agent" type="simple" />
            <root url="jrt://D:/develop/ideaIU-2019.2.4/jbr!/jdk.jfr" type="simple" />
            <root url="jrt://D:/develop/ideaIU-2019.2.4/jbr!/jdk.jsobject" type="simple" />
            <root url="jrt://D:/develop/ideaIU-2019.2.4/jbr!/jdk.localedata" type="simple" />
            <root url="jrt://D:/develop/ideaIU-2019.2.4/jbr!/jdk.management" type="simple" />
            <root url="jrt://D:/develop/ideaIU-2019.2.4/jbr!/jdk.management.agent" type="simple" />
            <root url="jrt://D:/develop/ideaIU-2019.2.4/jbr!/jdk.management.jfr" type="simple" />
            <root url="jrt://D:/develop/ideaIU-2019.2.4/jbr!/jdk.naming.dns" type="simple" />
            <root url="jrt://D:/develop/ideaIU-2019.2.4/jbr!/jdk.naming.rmi" type="simple" />
            <root url="jrt://D:/develop/ideaIU-2019.2.4/jbr!/jdk.net" type="simple" />
            <root url="jrt://D:/develop/ideaIU-2019.2.4/jbr!/jdk.pack" type="simple" />
            <root url="jrt://D:/develop/ideaIU-2019.2.4/jbr!/jdk.scripting.nashorn" type="simple" />
            <root url="jrt://D:/develop/ideaIU-2019.2.4/jbr!/jdk.scripting.nashorn.shell" type="simple" />
            <root url="jrt://D:/develop/ideaIU-2019.2.4/jbr!/jdk.sctp" type="simple" />
            <root url="jrt://D:/develop/ideaIU-2019.2.4/jbr!/jdk.security.auth" type="simple" />
            <root url="jrt://D:/develop/ideaIU-2019.2.4/jbr!/jdk.security.jgss" type="simple" />
            <root url="jrt://D:/develop/ideaIU-2019.2.4/jbr!/jdk.unsupported" type="simple" />
            <root url="jrt://D:/develop/ideaIU-2019.2.4/jbr!/jdk.xml.dom" type="simple" />
            <root url="jrt://D:/develop/ideaIU-2019.2.4/jbr!/jdk.zipfs" type="simple" />
          </root>
        </classPath>
        <javadocPath>
          <root type="composite" />
        </javadocPath>
        <sourcePath>
          <root type="composite" />
        </sourcePath>
      </roots>
      <additional />
    </jdk>
    <jdk version="2">
      <name value="Android API 20 Platform" />
      <type value="Android SDK" />
      <version value="java version &quot;11.0.4&quot;" />
      <homePath value="D:\develop\android\sdk" />
      <roots>
        <annotationsPath>
          <root type="composite">
            <root url="jar://$APPLICATION_HOME_DIR$/plugins/android/lib/androidAnnotations.jar!/" type="simple" />
          </root>
        </annotationsPath>
        <classPath>
          <root type="composite">
            <root url="jar://D:/develop/android/sdk/platforms/android-20/android.jar!/" type="simple" />
            <root url="file://D:/develop/android/sdk/platforms/android-20/data/res" type="simple" />
          </root>
        </classPath>
        <javadocPath>
          <root type="composite">
            <root url="http://developer.android.com/reference/" type="simple" />
          </root>
        </javadocPath>
        <sourcePath>
          <root type="composite" />
        </sourcePath>
      </roots>
      <additional jdk="11" sdk="android-20" />
    </jdk>
    <jdk version="2">
      <name value="Android API 21 Platform" />
      <type value="Android SDK" />
      <version value="java version &quot;11.0.4&quot;" />
      <homePath value="D:\develop\android\sdk" />
      <roots>
        <annotationsPath>
          <root type="composite">
            <root url="jar://$APPLICATION_HOME_DIR$/plugins/android/lib/androidAnnotations.jar!/" type="simple" />
          </root>
        </annotationsPath>
        <classPath>
          <root type="composite">
            <root url="jar://D:/develop/android/sdk/platforms/android-21/android.jar!/" type="simple" />
            <root url="file://D:/develop/android/sdk/platforms/android-21/data/res" type="simple" />
          </root>
        </classPath>
        <javadocPath>
          <root type="composite">
            <root url="http://developer.android.com/reference/" type="simple" />
          </root>
        </javadocPath>
        <sourcePath>
          <root type="composite" />
        </sourcePath>
      </roots>
      <additional jdk="11" sdk="android-21" />
    </jdk>
    <jdk version="2">
      <name value="Android API 22 Platform" />
      <type value="Android SDK" />
      <version value="java version &quot;11.0.4&quot;" />
      <homePath value="D:\develop\android\sdk" />
      <roots>
        <annotationsPath>
          <root type="composite">
            <root url="jar://$APPLICATION_HOME_DIR$/plugins/android/lib/androidAnnotations.jar!/" type="simple" />
          </root>
        </annotationsPath>
        <classPath>
          <root type="composite">
            <root url="jar://D:/develop/android/sdk/platforms/android-22/android.jar!/" type="simple" />
            <root url="file://D:/develop/android/sdk/platforms/android-22/data/res" type="simple" />
          </root>
        </classPath>
        <javadocPath>
          <root type="composite" />
        </javadocPath>
        <sourcePath>
          <root type="composite">
            <root url="file://D:/develop/android/sdk/sources/android-22" type="simple" />
          </root>
        </sourcePath>
      </roots>
      <additional jdk="11" sdk="android-22" />
    </jdk>
    <jdk version="2">
      <name value="Android API 23 Platform" />
      <type value="Android SDK" />
      <version value="java version &quot;11.0.4&quot;" />
      <homePath value="D:\develop\android\sdk" />
      <roots>
        <annotationsPath>
          <root type="composite">
            <root url="jar://$APPLICATION_HOME_DIR$/plugins/android/lib/androidAnnotations.jar!/" type="simple" />
          </root>
        </annotationsPath>
        <classPath>
          <root type="composite">
            <root url="jar://D:/develop/android/sdk/platforms/android-23/android.jar!/" type="simple" />
            <root url="file://D:/develop/android/sdk/platforms/android-23/data/res" type="simple" />
          </root>
        </classPath>
        <javadocPath>
          <root type="composite" />
        </javadocPath>
        <sourcePath>
          <root type="composite">
            <root url="file://D:/develop/android/sdk/sources/android-23" type="simple" />
          </root>
        </sourcePath>
      </roots>
      <additional jdk="11" sdk="android-23" />
    </jdk>
    <jdk version="2">
      <name value="Android API 24 Platform" />
      <type value="Android SDK" />
      <version value="java version &quot;11.0.4&quot;" />
      <homePath value="D:\develop\android\sdk" />
      <roots>
        <annotationsPath>
          <root type="composite">
            <root url="jar://$APPLICATION_HOME_DIR$/plugins/android/lib/androidAnnotations.jar!/" type="simple" />
          </root>
        </annotationsPath>
        <classPath>
          <root type="composite">
            <root url="jar://D:/develop/android/sdk/platforms/android-24/android.jar!/" type="simple" />
            <root url="file://D:/develop/android/sdk/platforms/android-24/data/res" type="simple" />
          </root>
        </classPath>
        <javadocPath>
          <root type="composite">
            <root url="http://developer.android.com/reference/" type="simple" />
          </root>
        </javadocPath>
        <sourcePath>
          <root type="composite" />
        </sourcePath>
      </roots>
      <additional jdk="11" sdk="android-24" />
    </jdk>
    <jdk version="2">
      <name value="Android API 25 Platform" />
      <type value="Android SDK" />
      <version value="java version &quot;11.0.4&quot;" />
      <homePath value="D:\develop\android\sdk" />
      <roots>
        <annotationsPath>
          <root type="composite">
            <root url="jar://$APPLICATION_HOME_DIR$/plugins/android/lib/androidAnnotations.jar!/" type="simple" />
          </root>
        </annotationsPath>
        <classPath>
          <root type="composite">
            <root url="jar://D:/develop/android/sdk/platforms/android-25/android.jar!/" type="simple" />
            <root url="file://D:/develop/android/sdk/platforms/android-25/data/res" type="simple" />
          </root>
        </classPath>
        <javadocPath>
          <root type="composite" />
        </javadocPath>
        <sourcePath>
          <root type="composite">
            <root url="file://D:/develop/android/sdk/sources/android-25" type="simple" />
          </root>
        </sourcePath>
      </roots>
      <additional jdk="11" sdk="android-25" />
    </jdk>
    <jdk version="2">
      <name value="Android API 26 Platform" />
      <type value="Android SDK" />
      <version value="java version &quot;11.0.4&quot;" />
      <homePath value="D:\develop\android\sdk" />
      <roots>
        <annotationsPath>
          <root type="composite">
            <root url="jar://$APPLICATION_HOME_DIR$/plugins/android/lib/androidAnnotations.jar!/" type="simple" />
          </root>
        </annotationsPath>
        <classPath>
          <root type="composite">
            <root url="jar://D:/develop/android/sdk/platforms/android-26/android.jar!/" type="simple" />
            <root url="file://D:/develop/android/sdk/platforms/android-26/data/res" type="simple" />
          </root>
        </classPath>
        <javadocPath>
          <root type="composite" />
        </javadocPath>
        <sourcePath>
          <root type="composite">
            <root url="file://D:/develop/android/sdk/sources/android-26" type="simple" />
          </root>
        </sourcePath>
      </roots>
      <additional jdk="11" sdk="android-26" />
    </jdk>
    <jdk version="2">
      <name value="Android API 27 Platform" />
      <type value="Android SDK" />
      <version value="java version &quot;11.0.4&quot;" />
      <homePath value="D:\develop\android\sdk" />
      <roots>
        <annotationsPath>
          <root type="composite">
            <root url="jar://$APPLICATION_HOME_DIR$/plugins/android/lib/androidAnnotations.jar!/" type="simple" />
          </root>
        </annotationsPath>
        <classPath>
          <root type="composite">
            <root url="jar://D:/develop/android/sdk/platforms/android-27/android.jar!/" type="simple" />
            <root url="file://D:/develop/android/sdk/platforms/android-27/data/res" type="simple" />
          </root>
        </classPath>
        <javadocPath>
          <root type="composite" />
        </javadocPath>
        <sourcePath>
          <root type="composite">
            <root url="file://D:/develop/android/sdk/sources/android-27" type="simple" />
          </root>
        </sourcePath>
      </roots>
      <additional jdk="11" sdk="android-27" />
    </jdk>
    <jdk version="2">
      <name value="Android API 28 Platform" />
      <type value="Android SDK" />
      <version value="java version &quot;11.0.4&quot;" />
      <homePath value="D:\develop\android\sdk" />
      <roots>
        <annotationsPath>
          <root type="composite">
            <root url="jar://D:/develop/android/sdk/platforms/android-28/data/annotations.zip!/" type="simple" />
          </root>
        </annotationsPath>
        <classPath>
          <root type="composite">
            <root url="jar://D:/develop/android/sdk/platforms/android-28/android.jar!/" type="simple" />
            <root url="file://D:/develop/android/sdk/platforms/android-28/data/res" type="simple" />
          </root>
        </classPath>
        <javadocPath>
          <root type="composite" />
        </javadocPath>
        <sourcePath>
          <root type="composite">
            <root url="file://D:/develop/android/sdk/sources/android-28" type="simple" />
          </root>
        </sourcePath>
      </roots>
      <additional jdk="11" sdk="android-28" />
    </jdk>
    <jdk version="2">
      <name value="Android API 29 Platform" />
      <type value="Android SDK" />
      <version value="java version &quot;11.0.4&quot;" />
      <homePath value="D:\develop\android\sdk" />
      <roots>
        <annotationsPath>
          <root type="composite">
            <root url="jar://$APPLICATION_HOME_DIR$/plugins/android/lib/androidAnnotations.jar!/" type="simple" />
          </root>
        </annotationsPath>
        <classPath>
          <root type="composite">
            <root url="jar://D:/develop/android/sdk/platforms/android-29/android.jar!/" type="simple" />
            <root url="file://D:/develop/android/sdk/platforms/android-29/data/res" type="simple" />
          </root>
        </classPath>
        <javadocPath>
          <root type="composite" />
        </javadocPath>
        <sourcePath>
          <root type="composite">
            <root url="file://D:/develop/android/sdk/sources/android-29" type="simple" />
          </root>
        </sourcePath>
      </roots>
      <additional jdk="11" sdk="android-29" />
    </jdk>
    <jdk version="2">
      <name value="Kotlin SDK" />
      <type value="KotlinSDK" />
      <version value="1.3.41" />
      <homePath value="D:\develop\ideaIU-2019.2.4\plugins\Kotlin\kotlinc" />
      <roots>
        <annotationsPath>
          <root type="composite" />
        </annotationsPath>
        <classPath>
          <root type="composite" />
        </classPath>
        <javadocPath>
          <root type="composite" />
        </javadocPath>
        <sourcePath>
          <root type="composite" />
        </sourcePath>
      </roots>
      <additional />
    </jdk>
  </component>
</application>