<toolSet name="External Tools">
  <tool name="javah" showInMainMenu="true" showInEditor="true" showInProject="true" showInSearchPopup="true" disabled="false" useConsole="true" showConsoleOnStdOut="false" showConsoleOnStdErr="false" synchronizeAfterRun="true">
    <exec>
      <option name="COMMAND" value="javah" />
      <option name="PARAMETERS" value="-classpath $ModuleFileDir$\src\main\java -jni -d $ModuleFileDir$\src\main\jni $FileClass$" />
      <option name="WORKING_DIRECTORY" value="$FileDir$" />
    </exec>
  </tool>
  <tool name="sdk tools" showInMainMenu="true" showInEditor="true" showInProject="true" showInSearchPopup="true" disabled="false" useConsole="true" showConsoleOnStdOut="false" showConsoleOnStdErr="false" synchronizeAfterRun="true">
    <exec>
      <option name="COMMAND" value="cmd" />
      <option name="PARAMETERS" value=" android list avd" />
      <option name="WORKING_DIRECTORY" value="D:/Android/sdk/tools" />
    </exec>
  </tool>
  <tool name="platform-tools" description="sdk  platform-tools" showInMainMenu="true" showInEditor="true" showInProject="true" showInSearchPopup="true" disabled="false" useConsole="true" showConsoleOnStdOut="false" showConsoleOnStdErr="false" synchronizeAfterRun="true">
    <exec>
      <option name="COMMAND" value="cmd" />
      <option name="PARAMETERS" />
      <option name="WORKING_DIRECTORY" value="D:/Android/sdk/platform-tools" />
    </exec>
  </tool>
  <tool name="jrebel reverse proxy" description="jrebel反向代理" showInMainMenu="true" showInEditor="true" showInProject="true" showInSearchPopup="true" disabled="false" useConsole="true" showConsoleOnStdOut="false" showConsoleOnStdErr="false" synchronizeAfterRun="true">
    <exec>
      <option name="COMMAND" value="F:\temp\ReverseProxy_windows_amd64.exe" />
      <option name="PARAMETERS" />
      <option name="WORKING_DIRECTORY" value="F:/temp" />
    </exec>
  </tool>
</toolSet>