<application>
  <component name="com.intellij.ide.ui.customization.CustomActionsSchema">
    <group seperator="true" action_type="1" position="5">
      <path value="root" />
      <path value="Main Toolbar" />
      <path value="Toolbar Run Actions" />
      <option name="myInitialPosition" value="-1" />
    </group>
    <action id="Tool_External Tools_sdk tools" />
    <action id="Tool_External Tools_连接逍遥模拟器5.1" />
    <action id="Tool_External Tools_打开逍遥模拟器" />
    <action id="Tool_External Tools_Quick-launch a particular profile" />
    <action id="Tool_External Tools_连接逍遥模拟器" />
    <action id="Tool_External Tools_连接VS模拟器" />
    <action id="Tool_External Tools_Open emulator manager" />
    <action id="Tool_External Tools_ADB" />
    <action id="Tool_External Tools_platform-tools" />
    <action id="Tool_External Tools_jrebel reverse proxy" />
  </component>
</application>