<application>
  <component name="CodeInsightSettings">
    <option name="SHOW_PARAMETER_NAME_HINTS_ON_COMPLETION" value="true" />
    <option name="PARAMETER_INFO_DELAY" value="500" />
    <option name="JAVADOC_INFO_DELAY" value="3000" />
    <option name="COMPLETION_CASE_SENSITIVE" value="2" />
    <option name="SHOW_FULL_SIGNATURES_IN_PARAMETER_INFO" value="true" />
    <option name="ADD_UNAMBIGIOUS_IMPORTS_ON_THE_FLY" value="true" />
  </component>
  <component name="DaemonCodeAnalyzerSettings">
    <option name="SHOW_METHOD_SEPARATORS" value="true" />
  </component>
  <component name="DefaultFont">
    <option name="FONT_SIZE" value="14" />
    <option name="LINE_SPACING" value="1.0" />
  </component>
  <component name="EditorSettings">
    <option name="USE_SOFT_WRAPS" value="" />
  </component>
  <component name="JavaCodeFoldingSettings">
    <option name="collapseAnonymousClasses" value="true" />
  </component>
  <component name="OCCodeFoldingSettings">
    <option name="collapseBlockExpressions" value="true" />
    <option name="collapseMultilineComments" value="true" />
    <option name="COLLAPSE_MULTILINE_COMMENTS" value="true" />
    <option name="COLLAPSE_BLOCK_EXPRESSIONS" value="true" />
  </component>
  <component name="TodoConfiguration">
    <pattern pattern="\btodo\b.*" />
    <pattern icon="important" useCustomColors="true" pattern="\bfixme\b.*">
      <option name="FOREGROUND" value="bf5452" />
      <option name="FONT_TYPE" value="3" />
      <option name="ERROR_STRIPE_COLOR" value="54aae3" />
    </pattern>
    <pattern icon="question" useCustomColors="true" pattern="\bmark\b.*">
      <option name="FOREGROUND" value="3bbf2e" />
      <option name="FONT_TYPE" value="3" />
      <option name="ERROR_STRIPE_COLOR" value="54aae3" />
    </pattern>
    <pattern useCustomColors="true" pattern="\bdefect\b.*">
      <option name="FOREGROUND" value="30abbf" />
      <option name="FONT_TYPE" value="3" />
      <option name="ERROR_STRIPE_COLOR" value="54aae3" />
    </pattern>
    <filter name="fixme">
      <pattern index="1" />
    </filter>
    <filter name="mark">
      <pattern index="2" />
    </filter>
    <filter name="todo">
      <pattern index="0" />
    </filter>
    <filter name="fixme&amp;todo">
      <pattern index="1" />
      <pattern index="0" />
    </filter>
    <filter name="defect">
      <pattern index="3" />
    </filter>
    <filter name="exceptMark">
      <pattern index="1" />
      <pattern index="3" />
      <pattern index="0" />
    </filter>
  </component>
</application>