<application>
  <component name="FileTypeManager" version="17">
    <extensionMap>
      <removed_mapping ext="aar" approved="true" type="AAR" />
      <mapping ext="webp" type="Image" />
      <mapping pattern="adb" type="PLAIN_TEXT" />
      <mapping pattern="账密" type="PLAIN_TEXT" />
      <mapping pattern="globle_db" type="PLAIN_TEXT" />
      <mapping pattern="epointworkplatform_zhuxu" type="PLAIN_TEXT" />
      <mapping pattern="version" type="PLAIN_TEXT" />
      <mapping pattern="pkm2ppm" type="PLAIN_TEXT" />
      <mapping pattern="mtl文件详解" type="PLAIN_TEXT" />
      <mapping ext="flat" type="PLAIN_TEXT" />
      <mapping ext="conf" type="PLAIN_TEXT" />
      <mapping ext="aar" type="PLAIN_TEXT" />
      <mapping ext="obj" type="PLAIN_TEXT" />
      <mapping ext="lock" type="PLAIN_TEXT" />
      <mapping ext="cfg" type="PLAIN_TEXT" />
      <mapping ext="mtl" type="PLAIN_TEXT" />
      <mapping ext="gradle_svn" type="PLAIN_TEXT" />
      <mapping ext="prop" type="Properties" />
      <removed_mapping ext="aar" approved="true" type="aar" />
    </extensionMap>
  </component>
</application>