<application>
  <component name="UpdatesConfigurable">
    <enabledExternalComponentSources>
      <item value="Android SDK" />
    </enabledExternalComponentSources>
    <option name="externalUpdateChannels">
      <map>
        <entry key="Android SDK" value="Stable Channel" />
      </map>
    </option>
    <ignoredBuildNumbers>
      <item value="192.6817.14.36.6018865" />
      <item value="192.7142.36.36.6071332" />
    </ignoredBuildNumbers>
    <knownExternalComponentSources>
      <item value="Android SDK" />
    </knownExternalComponentSources>
    <option name="LAST_BUILD_CHECKED" value="AI-193.5233.102.40.6137316" />
    <option name="LAST_TIME_CHECKED" value="1580362946901" />
    <option name="THIRD_PARTY_PLUGINS_ALLOWED" value="true" />
  </component>
</application>